<?xml version="1.0" encoding="UTF-8"?>
<job version="11.1">
<syncjob>
<fkcheck check="yes" />
<passwords isencoded="yes" />
<source>
<tunnelinfo type="http">
<url>http://www.yourdomain.com/SQLyogTunnel.php</url>
<timeout>30</timeout>
<contenttype>text/xml</contenttype>
<encodedata>0</encodedata>
</tunnelinfo>
<host>192.168.1.51</host>
<user>root</user>
<pwd>Obe3Og==</pwd>
<port>3306</port>
<compressed>1</compressed>
<cleartext>0</cleartext>
<sessiontimeout>28800</sessiontimeout>
<ssl>0</ssl>
<sslauth>0</sslauth>
<clientkey></clientkey>
<clientcert></clientcert>
<cacert></cacert>
<cipher></cipher>
<charset></charset>
<database>mysql</database>
</source>
<target>
<host>localhost</host>
<user>root</user>
<pwd>Obe3Og==</pwd>
<port>3307</port>
<compressed>1</compressed>
<cleartext>0</cleartext>
<ssl>0</ssl>
<sslauth>0</sslauth>
<clientkey></clientkey>
<clientcert></clientcert>
<cacert></cacert>
<cipher></cipher>
<charset></charset>
<database>new_mysql</database>
</target>
<tables all="no">
<table>
<name>`columns_priv`</name>
<columns all="yes" />
</table>
</tables>
<sync_action type="directsync" />
<abortonerror abort="no" />
<sendreport send="no" /></syncjob>
</job>