<?xml version="1.0" encoding="UTF-8"?>
<job version="11.1">
<exportjob>
<passwords isencoded="yes" />
<source>
<host>localhost</host>
<user>root</user>
<pwd>Obe3Og==</pwd>
<port>3306</port>
<compressed>1</compressed>
<cleartext>0</cleartext>
<sessiontimeout>28800</sessiontimeout>
<ssl>0</ssl>
<sslauth>0</sslauth>
<clientkey></clientkey>
<clientcert></clientcert>
<cacert></cacert>
<cipher></cipher>
<charset></charset>
</source>
<export>
<databases all="yes" mysqldb ="yes"></databases>
<script compress="no" fileordir="file" timestampdir="" timestamp="no">E:\export\new\struc.sql</script>
</export>
<options>
<createdb>yes</createdb>
<usedb>yes</usedb>
<dropobjects>yes</dropobjects>
<ignoredefiner>no</ignoredefiner>
<bulkinsert>yes</bulkinsert>
<completeinsert>no</completeinsert>
<insertdelayed>no</insertdelayed>
<flushlogs>no</flushlogs>
<flushmaster>no</flushmaster>
<flushslave>no</flushslave>
<locktableread>no</locktableread>
<singletransaction>no</singletransaction>
<disablekeys>no</disablekeys>
<locktablewrite>no</locktablewrite>
<fkchecks>yes</fkchecks>
<autocommit>no</autocommit>
<usecharset>utf8</usecharset>
<chunkinsert>yes</chunkinsert>
<chunklimit>2000</chunklimit>
<bulksize>1</bulksize>
<appendtofile>no</appendtofile>
</options>
<abortonerror>no</abortonerror>
<sendreport send="no" /></exportjob>
</job>