<?xml version="1.0" encoding="UTF-8"?>
<job version="11.1">
<notifyjob>
<abortonerror value="yes" />
<result value="yes" />
<result value="yes" />
<includequery value="yes" />
<result value="yes" />
<includequery value="yes" />
<includemsg value="yes" />
<passwords isencoded="yes" />
<source>
<host>localhost</host>
<user>root</user>
<pwd>Obe3Og==</pwd>
<port>3307</port>
<compressed>1</compressed>
<cleartext>0</cleartext>
<sessiontimeout>28800</sessiontimeout>
<ssl>0</ssl>
<sslauth>0</sslauth>
<clientkey></clientkey>
<clientcert></clientcert>
<cacert></cacert>
<cipher></cipher>
<charset></charset>
<database>test</database>
</source>
<smtp>
<displayname>Webyog Support</displayname>
<toemail>support@webyog.com</toemail>
<fromemail>sales@webyog.com</fromemail>
<cc>hr@webyog.com</cc>
<bcc>admin@webyog.com</bcc>
<replyemail>somename@webyog.com</replyemail>
<host>smtp.someserver.com</host>
<encryption>no</encryption>
<port>25</port>
<auth required="yes">
<user>bkavas</user>
<pwd>sLCwsLCw</pwd>
</auth>
<subject>Subject</subject>
</smtp>
<query>select 1</query>
</notifyjob>
</job>