﻿<?xml version="1.0" encoding="UTF-8"?>
<job version="11.1">
<odbcimport>
<fkcheck check="no" />
<passwords isencoded="yes" />
<source>
<host>localhost</host>
<user>root</user>
<pwd>Obe3Og==</pwd>
<port>3306</port>
<compressed>1</compressed>
<cleartext>0</cleartext>
<sessiontimeout>28800</sessiontimeout>
<ssl>0</ssl>
<sslauth>0</sslauth>
<clientkey></clientkey>
<clientcert></clientcert>
<cacert></cacert>
<cipher></cipher>
<charset></charset>
<database>test</database>
</source>
<dsn type="csv">
<name>E:\actorfile</name>
<user/>
<pwd/>
</dsn>
<import source="data">
</import>
<export target="data">
</export>
<tables all="yes">
</tables>
<abortonerror>yes</abortonerror>
<sendreport send="no" /></odbcimport>
</job>